<?xml version="1.0" encoding="UTF-8"?><Library xmlns="http://hl7.org/fhir"><id value="COVID19EDCPGRetrieves"/><meta><profile value="http://hl7.org/fhir/uv/cpg/StructureDefinition/cpg-shareablelibrary"/><profile value="http://hl7.org/fhir/uv/cpg/StructureDefinition/cpg-computablelibrary"/><profile value="http://hl7.org/fhir/uv/cpg/StructureDefinition/cpg-publishablelibrary"/><profile value="http://hl7.org/fhir/uv/cpg/StructureDefinition/cpg-executablelibrary"/></meta><extension url="http://hl7.org/fhir/uv/cpg/StructureDefinition/cpg-knowledgeCapability"><valueCode value="shareable"/></extension><extension url="http://hl7.org/fhir/uv/cpg/StructureDefinition/cpg-knowledgeCapability"><valueCode value="computable"/></extension><extension url="http://hl7.org/fhir/uv/cpg/StructureDefinition/cpg-knowledgeCapability"><valueCode value="publishable"/></extension><extension url="http://hl7.org/fhir/uv/cpg/StructureDefinition/cpg-knowledgeCapability"><valueCode value="executable"/></extension><extension url="http://hl7.org/fhir/uv/cpg/StructureDefinition/cpg-knowledgeRepresentationLevel"><valueCode value="structured"/></extension><url value="http://opencpg.org/fhir/covid19.ed.sc/Library/COVID19EDCPGRetrieves"/><version value="0.1.0"/><name value="COVID19EDCPGRetrieves"/><title value="CQL Library - COVID-19 ED CPG Data Retrieval"/><status value="active"/><experimental value="true"/><type><coding><system value="http://terminology.hl7.org/CodeSystem/library-type"/><code value="logic-library"/></coding></type><date value="2021-02-19T14:05:49+00:00"/><publisher value="OpenCPG"/><contact><telecom><system value="url"/><value value="http://hl7.org/Special/committees/[something]"/></telecom></contact><description value="COVID-19 ED CPG Data Retrieval."/><jurisdiction><coding><system value="http://unstats.un.org/unsd/methods/m49/m49.htm"/><code value="001"/></coding></jurisdiction><content><contentType value="text/cql"/><data/></content><content><contentType value="application/elm+xml"/></content></Library>