<?xml version="1.0" encoding="UTF-8"?><Library xmlns="http://hl7.org/fhir"><id value="COVID19ConceptsPremapped"/><meta><profile value="http://hl7.org/fhir/uv/cpg/StructureDefinition/cpg-shareablelibrary"/><profile value="http://hl7.org/fhir/uv/cpg/StructureDefinition/cpg-computablelibrary"/><profile value="http://hl7.org/fhir/uv/cpg/StructureDefinition/cpg-publishablelibrary"/><profile value="http://hl7.org/fhir/uv/cpg/StructureDefinition/cpg-executablelibrary"/></meta><extension url="http://hl7.org/fhir/uv/cpg/StructureDefinition/cpg-knowledgeCapability"><valueCode value="shareable"/></extension><extension url="http://hl7.org/fhir/uv/cpg/StructureDefinition/cpg-knowledgeCapability"><valueCode value="computable"/></extension><extension url="http://hl7.org/fhir/uv/cpg/StructureDefinition/cpg-knowledgeCapability"><valueCode value="publishable"/></extension><extension url="http://hl7.org/fhir/uv/cpg/StructureDefinition/cpg-knowledgeCapability"><valueCode value="executable"/></extension><extension url="http://hl7.org/fhir/uv/cpg/StructureDefinition/cpg-knowledgeRepresentationLevel"><valueCode value="structured"/></extension><url value="http://opencpg.org/fhir/covid19.ed.sc/Library/COVID19ConceptsPremapped"/><version value="0.1.0"/><name value="COVID19ConceptsPremapped"/><title value="CQL Library - COVID-19 Shared Concepts and Terminology"/><status value="active"/><experimental value="true"/><type><coding><system value="http://terminology.hl7.org/CodeSystem/library-type"/><code value="logic-library"/></coding></type><date value="2021-02-19T14:05:49+00:00"/><publisher value="OpenCPG"/><contact><telecom><system value="url"/><value value="http://hl7.org/Special/committees/[something]"/></telecom></contact><description value="COVID-19 Shared Concepts and Terminology imported by other CQL logic libraries."/><jurisdiction><coding><system value="http://unstats.un.org/unsd/methods/m49/m49.htm"/><code value="001"/></coding></jurisdiction><relatedArtifact><type value="depends-on"/><resource value="http://hl7.org/fhir/Library/FHIR-ModelInfo|4.0.1"/></relatedArtifact><relatedArtifact><type value="depends-on"/><resource value="http://hl7.org/fhir/Library/FHIRHelpers|4.0.1"/></relatedArtifact><relatedArtifact><type value="depends-on"/><resource value="https://opencpg.org/ontology/covid19/ed/"/></relatedArtifact><relatedArtifact><type value="depends-on"/><resource value="urn:oid:2.16.840.1.113883.6.14"/></relatedArtifact><relatedArtifact><type value="depends-on"/><resource value="http://www.ama-assn.org/go/cpt"/></relatedArtifact><relatedArtifact><type value="depends-on"/><resource value="http://hl7.org/fhir/sid/icd-10-cm"/></relatedArtifact><relatedArtifact><type value="depends-on"/><resource value="http://loinc.org"/></relatedArtifact><relatedArtifact><type value="depends-on"/><resource value="http://snomed.info/sct"/></relatedArtifact><relatedArtifact><type value="depends-on"/><resource value="http://hl7.org/fhir/sid/icd-10-pcs"/></relatedArtifact><relatedArtifact><type value="depends-on"/><resource value="http://www.nlm.nih.gov/research/umls/rxnorm"/></relatedArtifact><content><contentType value="text/cql"/><data/></content><content><contentType value="application/elm+xml"/><data/></content><content><contentType value="application/elm+json"/><data/></content></Library>