[
  {
    "id": "org.opencpg.covid19.ed.sc",
    "type": "ImplementationGuide",
    "url": "http://opencpg.org/fhir/covid19.ed.sc/ImplementationGuide/org.opencpg.covid19.ed.sc",
    "version": "0.1.0",
    "name": "OpenCPG_COVID19_ED_SC"
  },
  {
    "id": "CDSConnectCommons",
    "type": "Library",
    "url": "http://opencpg.org/fhir/covid19.ed.sc/Library/CDSConnectCommons",
    "version": "0.1.0",
    "name": "CDSConnectCommons"
  },
  {
    "id": "COVID19ConceptsPremapped",
    "type": "Library",
    "url": "http://opencpg.org/fhir/covid19.ed.sc/Library/COVID19ConceptsPremapped",
    "version": "0.1.0",
    "name": "COVID19ConceptsPremapped"
  },
  {
    "id": "COVID19EDCPGRetrieves",
    "type": "Library",
    "url": "http://opencpg.org/fhir/covid19.ed.sc/Library/COVID19EDCPGRetrieves",
    "version": "0.1.0",
    "name": "COVID19EDCPGRetrieves"
  },
  {
    "id": "PatientDemographics",
    "type": "Library",
    "url": "http://opencpg.org/fhir/covid19.ed.sc/Library/PatientDemographics",
    "version": "0.1.0",
    "name": "PatientDemographics"
  }
]