<?xml version="1.0" encoding="UTF-8"?>
<library xmlns="urn:hl7-org:elm:r1" xmlns:t="urn:hl7-org:elm-types:r1" xmlns:xsi="http://www.w3.org/2001/XMLSchema-instance" xmlns:xsd="http://www.w3.org/2001/XMLSchema" xmlns:fhir="http://hl7.org/fhir" xmlns:qdm43="urn:healthit-gov:qdm:v4_3" xmlns:qdm53="urn:healthit-gov:qdm:v5_3" xmlns:a="urn:hl7-org:cql-annotations:r1">
   <annotation translatorOptions="EnableLocators,DisableListDemotion,DisableListPromotion" xsi:type="a:CqlToElmInfo"/>
   <identifier id="COVID19_ED_CPG_Concepts_Premapped" system="http://opencpg.org/fhir/covid19.ed.sc" version="0.0.1"/>
   <schemaIdentifier id="urn:hl7-org:elm" version="r1"/>
   <usings>
      <def localIdentifier="System" uri="urn:hl7-org:elm-types:r1"/>
      <def locator="3:1-3:26" localIdentifier="FHIR" uri="http://hl7.org/fhir" version="4.0.1"/>
   </usings>
   <includes>
      <def locator="5:1-5:35" localIdentifier="FHIRHelpers" path="http://opencpg.org/fhir/covid19.ed.sc/FHIRHelpers" version="4.0.1"/>
   </includes>
   <codeSystems>
      <def locator="7:1-7:68" name="C_19_ED_CPG" id="https://opencpg.org/ontology/covid19/ed/" accessLevel="Public"/>
      <def locator="8:1-8:52" name="HCPCS" id="urn:oid:2.16.840.1.113883.6.14" accessLevel="Public"/>
      <def locator="9:1-9:50" name="CPT" id="http://www.ama-assn.org/go/cpt" accessLevel="Public"/>
      <def locator="10:1-10:59" name="ICD_10_CM" id="http://hl7.org/fhir/sid/icd-10-cm" accessLevel="Public"/>
      <def locator="11:1-11:38" name="LOINC" id="http://loinc.org" accessLevel="Public"/>
      <def locator="12:1-12:45" name="SNOMED" id="http://snomed.info/sct" accessLevel="Public"/>
      <def locator="13:1-13:61" name="ICD_10_PCS" id="http://hl7.org/fhir/sid/icd-10-pcs" accessLevel="Public"/>
      <def locator="14:1-14:67" name="RX_NORM" id="http://www.nlm.nih.gov/research/umls/rxnorm" accessLevel="Public"/>
   </codeSystems>
   <codes>
      <def locator="16:1-16:41" name="LOINC_9269_2" id="9269-2" accessLevel="Public">
         <codeSystem locator="16:37-16:41" name="LOINC"/>
      </def>
      <def locator="17:1-17:48" name="ICD_10_CM_R_04_2" id="R04.2" accessLevel="Public">
         <codeSystem locator="17:40-17:48" name="ICD_10_CM"/>
      </def>
      <def locator="18:1-18:35" name="CPT_94760" id="94760" accessLevel="Public">
         <codeSystem locator="18:33-18:35" name="CPT"/>
      </def>
      <def locator="19:1-19:35" name="CPT_94761" id="94761" accessLevel="Public">
         <codeSystem locator="19:33-19:35" name="CPT"/>
      </def>
      <def locator="20:1-20:41" name="LOINC_9279_1" id="9279-1" accessLevel="Public">
         <codeSystem locator="20:37-20:41" name="LOINC"/>
      </def>
      <def locator="21:1-21:47" name="LOINC_2544737_0" id="2544737.0" accessLevel="Public">
         <codeSystem locator="21:43-21:47" name="LOINC"/>
      </def>
      <def locator="22:1-22:41" name="LOINC_8480_6" id="8480-6" accessLevel="Public">
         <codeSystem locator="22:37-22:41" name="LOINC"/>
      </def>
      <def locator="23:1-23:41" name="LOINC_8462_4" id="8462-4" accessLevel="Public">
         <codeSystem locator="23:37-23:41" name="LOINC"/>
      </def>
      <def locator="24:1-24:41" name="LOINC_3150_0" id="3150-0" accessLevel="Public">
         <codeSystem locator="24:37-24:41" name="LOINC"/>
      </def>
      <def locator="25:1-25:41" name="LOINC_3151_8" id="3151-8" accessLevel="Public">
         <codeSystem locator="25:37-25:41" name="LOINC"/>
      </def>
      <def locator="26:1-26:43" name="LOINC_71835_3" id="71835-3" accessLevel="Public">
         <codeSystem locator="26:39-26:43" name="LOINC"/>
      </def>
      <def locator="27:1-27:39" name="HCPCS_A4615" id="A4615" accessLevel="Public">
         <codeSystem locator="27:35-27:39" name="HCPCS"/>
      </def>
      <def locator="28:1-28:39" name="CPT_94660_0" id="94660.0" accessLevel="Public">
         <codeSystem locator="28:37-28:39" name="CPT"/>
      </def>
      <def locator="29:1-29:55" name="ICD_10_PCS_5_A_09357" id="5A09357" accessLevel="Public">
         <codeSystem locator="29:46-29:55" name="ICD_10_PCS"/>
      </def>
      <def locator="30:1-30:55" name="ICD_10_PCS_5_A_09358" id="5A09358" accessLevel="Public">
         <codeSystem locator="30:46-30:55" name="ICD_10_PCS"/>
      </def>
      <def locator="31:1-31:55" name="ICD_10_PCS_5_A_09457" id="5A09457" accessLevel="Public">
         <codeSystem locator="31:46-31:55" name="ICD_10_PCS"/>
      </def>
      <def locator="32:1-32:55" name="ICD_10_PCS_5_A_09458" id="5A09458" accessLevel="Public">
         <codeSystem locator="32:46-32:55" name="ICD_10_PCS"/>
      </def>
      <def locator="33:1-33:55" name="ICD_10_PCS_5_A_09557" id="5A09557" accessLevel="Public">
         <codeSystem locator="33:46-33:55" name="ICD_10_PCS"/>
      </def>
      <def locator="34:1-34:55" name="ICD_10_PCS_5_A_09558" id="5A09558" accessLevel="Public">
         <codeSystem locator="34:46-34:55" name="ICD_10_PCS"/>
      </def>
      <def locator="35:1-35:39" name="HCPCS_J1250" id="J1250" accessLevel="Public">
         <codeSystem locator="35:35-35:39" name="HCPCS"/>
      </def>
      <def locator="36:1-36:45" name="RX_NORM_3616_0" id="3616.0" accessLevel="Public">
         <codeSystem locator="36:39-36:45" name="RX_NORM"/>
      </def>
      <def locator="37:1-37:39" name="HCPCS_J0171" id="J0171" accessLevel="Public">
         <codeSystem locator="37:35-37:39" name="HCPCS"/>
      </def>
      <def locator="38:1-38:45" name="RX_NORM_3992_0" id="3992.0" accessLevel="Public">
         <codeSystem locator="38:39-38:45" name="RX_NORM"/>
      </def>
      <def locator="39:1-39:45" name="RX_NORM_7512_0" id="7512.0" accessLevel="Public">
         <codeSystem locator="39:39-39:45" name="RX_NORM"/>
      </def>
      <def locator="40:1-40:47" name="RX_NORM_11149_0" id="11149.0" accessLevel="Public">
         <codeSystem locator="40:41-40:47" name="RX_NORM"/>
      </def>
      <def locator="41:1-41:39" name="HCPCS_J1265" id="J1265" accessLevel="Public">
         <codeSystem locator="41:35-41:39" name="HCPCS"/>
      </def>
      <def locator="42:1-42:45" name="RX_NORM_3628_0" id="3628.0" accessLevel="Public">
         <codeSystem locator="42:39-42:45" name="RX_NORM"/>
      </def>
      <def locator="43:1-43:39" name="HCPCS_U0002" id="U0002" accessLevel="Public">
         <codeSystem locator="43:35-43:39" name="HCPCS"/>
      </def>
      <def locator="44:1-44:39" name="CPT_84484_0" id="84484.0" accessLevel="Public">
         <codeSystem locator="44:37-44:39" name="CPT"/>
      </def>
      <def locator="45:1-45:43" name="LOINC_10839_9" id="10839-9" accessLevel="Public">
         <codeSystem locator="45:39-45:43" name="LOINC"/>
      </def>
      <def locator="46:1-46:43" name="LOINC_42757_5" id="42757-5" accessLevel="Public">
         <codeSystem locator="46:39-46:43" name="LOINC"/>
      </def>
      <def locator="47:1-47:43" name="LOINC_49563_0" id="49563-0" accessLevel="Public">
         <codeSystem locator="47:39-47:43" name="LOINC"/>
      </def>
      <def locator="48:1-48:43" name="LOINC_76399_5" id="76399-5" accessLevel="Public">
         <codeSystem locator="48:39-48:43" name="LOINC"/>
      </def>
      <def locator="49:1-49:39" name="CPT_85379_0" id="85379.0" accessLevel="Public">
         <codeSystem locator="49:37-49:39" name="CPT"/>
      </def>
      <def locator="50:1-50:43" name="LOINC_29280_5" id="29280-5" accessLevel="Public">
         <codeSystem locator="50:39-50:43" name="LOINC"/>
      </def>
      <def locator="51:1-51:43" name="LOINC_38898_3" id="38898-3" accessLevel="Public">
         <codeSystem locator="51:39-51:43" name="LOINC"/>
      </def>
      <def locator="52:1-52:43" name="LOINC_48065_7" id="48065-7" accessLevel="Public">
         <codeSystem locator="52:39-52:43" name="LOINC"/>
      </def>
      <def locator="53:1-53:43" name="LOINC_48066_5" id="48066-5" accessLevel="Public">
         <codeSystem locator="53:39-53:43" name="LOINC"/>
      </def>
      <def locator="54:1-54:41" name="LOINC_7799_0" id="7799-0" accessLevel="Public">
         <codeSystem locator="54:37-54:41" name="LOINC"/>
      </def>
      <def locator="55:1-55:43" name="LOINC_91556_1" id="91556-1" accessLevel="Public">
         <codeSystem locator="55:39-55:43" name="LOINC"/>
      </def>
      <def locator="56:1-56:39" name="CPT_83605_0" id="83605.0" accessLevel="Public">
         <codeSystem locator="56:37-56:39" name="CPT"/>
      </def>
      <def locator="57:1-57:43" name="LOINC_14118_4" id="14118-4" accessLevel="Public">
         <codeSystem locator="57:39-57:43" name="LOINC"/>
      </def>
      <def locator="58:1-58:43" name="LOINC_19239_3" id="19239-3" accessLevel="Public">
         <codeSystem locator="58:39-58:43" name="LOINC"/>
      </def>
      <def locator="59:1-59:41" name="LOINC_2518_9" id="2518-9" accessLevel="Public">
         <codeSystem locator="59:37-59:41" name="LOINC"/>
      </def>
      <def locator="60:1-60:41" name="LOINC_2519_7" id="2519-7" accessLevel="Public">
         <codeSystem locator="60:37-60:41" name="LOINC"/>
      </def>
      <def locator="61:1-61:41" name="LOINC_2524_7" id="2524-7" accessLevel="Public">
         <codeSystem locator="61:37-61:41" name="LOINC"/>
      </def>
      <def locator="62:1-62:43" name="LOINC_30241_4" id="30241-4" accessLevel="Public">
         <codeSystem locator="62:39-62:43" name="LOINC"/>
      </def>
      <def locator="63:1-63:43" name="LOINC_30242_2" id="30242-2" accessLevel="Public">
         <codeSystem locator="63:39-63:43" name="LOINC"/>
      </def>
      <def locator="64:1-64:43" name="LOINC_32132_3" id="32132-3" accessLevel="Public">
         <codeSystem locator="64:39-64:43" name="LOINC"/>
      </def>
      <def locator="65:1-65:43" name="LOINC_32133_1" id="32133-1" accessLevel="Public">
         <codeSystem locator="65:39-65:43" name="LOINC"/>
      </def>
      <def locator="66:1-66:43" name="LOINC_32693_4" id="32693-4" accessLevel="Public">
         <codeSystem locator="66:39-66:43" name="LOINC"/>
      </def>
      <def locator="67:1-67:43" name="LOINC_51829_0" id="51829-0" accessLevel="Public">
         <codeSystem locator="67:39-67:43" name="LOINC"/>
      </def>
      <def locator="68:1-68:43" name="LOINC_55932_8" id="55932-8" accessLevel="Public">
         <codeSystem locator="68:39-68:43" name="LOINC"/>
      </def>
      <def locator="69:1-69:43" name="LOINC_59032_3" id="59032-3" accessLevel="Public">
         <codeSystem locator="69:39-69:43" name="LOINC"/>
      </def>
      <def locator="70:1-70:43" name="LOINC_75366_5" id="75366-5" accessLevel="Public">
         <codeSystem locator="70:39-70:43" name="LOINC"/>
      </def>
      <def locator="71:1-71:43" name="LOINC_19240_1" id="19240-1" accessLevel="Public">
         <codeSystem locator="71:39-71:43" name="LOINC"/>
      </def>
      <def locator="72:1-72:39" name="CPT_83615_0" id="83615.0" accessLevel="Public">
         <codeSystem locator="72:37-72:39" name="CPT"/>
      </def>
      <def locator="73:1-73:43" name="LOINC_14804_9" id="14804-9" accessLevel="Public">
         <codeSystem locator="73:39-73:43" name="LOINC"/>
      </def>
      <def locator="74:1-74:43" name="LOINC_14805_6" id="14805-6" accessLevel="Public">
         <codeSystem locator="74:39-74:43" name="LOINC"/>
      </def>
      <def locator="75:1-75:39" name="CPT_86140_0" id="86140.0" accessLevel="Public">
         <codeSystem locator="75:37-75:39" name="CPT"/>
      </def>
      <def locator="76:1-76:43" name="LOINC_11039_5" id="11039-5" accessLevel="Public">
         <codeSystem locator="76:39-76:43" name="LOINC"/>
      </def>
      <def locator="77:1-77:43" name="LOINC_14634_0" id="14634-0" accessLevel="Public">
         <codeSystem locator="77:39-77:43" name="LOINC"/>
      </def>
      <def locator="78:1-78:43" name="LOINC_16503_5" id="16503-5" accessLevel="Public">
         <codeSystem locator="78:39-78:43" name="LOINC"/>
      </def>
      <def locator="79:1-79:41" name="LOINC_1988_5" id="1988-5" accessLevel="Public">
         <codeSystem locator="79:37-79:41" name="LOINC"/>
      </def>
      <def locator="80:1-80:43" name="LOINC_30522_7" id="30522-7" accessLevel="Public">
         <codeSystem locator="80:39-80:43" name="LOINC"/>
      </def>
      <def locator="81:1-81:43" name="LOINC_35648_5" id="35648-5" accessLevel="Public">
         <codeSystem locator="81:39-81:43" name="LOINC"/>
      </def>
      <def locator="82:1-82:43" name="LOINC_45062_7" id="45062-7" accessLevel="Public">
         <codeSystem locator="82:39-82:43" name="LOINC"/>
      </def>
      <def locator="83:1-83:43" name="LOINC_48421_2" id="48421-2" accessLevel="Public">
         <codeSystem locator="83:39-83:43" name="LOINC"/>
      </def>
      <def locator="84:1-84:43" name="LOINC_59182_6" id="59182-6" accessLevel="Public">
         <codeSystem locator="84:39-84:43" name="LOINC"/>
      </def>
      <def locator="85:1-85:43" name="LOINC_71426_1" id="71426-1" accessLevel="Public">
         <codeSystem locator="85:39-85:43" name="LOINC"/>
      </def>
      <def locator="86:1-86:43" name="LOINC_76485_2" id="76485-2" accessLevel="Public">
         <codeSystem locator="86:39-86:43" name="LOINC"/>
      </def>
      <def locator="87:1-87:43" name="LOINC_76486_0" id="76486-0" accessLevel="Public">
         <codeSystem locator="87:39-87:43" name="LOINC"/>
      </def>
      <def locator="88:1-88:39" name="CPT_85025_0" id="85025.0" accessLevel="Public">
         <codeSystem locator="88:37-88:39" name="CPT"/>
      </def>
      <def locator="89:1-89:39" name="LOINC_751_8" id="751-8" accessLevel="Public">
         <codeSystem locator="89:35-89:39" name="LOINC"/>
      </def>
      <def locator="90:1-90:35" name="CPT_85004" id="85004" accessLevel="Public">
         <codeSystem locator="90:33-90:35" name="CPT"/>
      </def>
      <def locator="91:1-91:35" name="CPT_85048" id="85048" accessLevel="Public">
         <codeSystem locator="91:33-91:35" name="CPT"/>
      </def>
      <def locator="92:1-92:43" name="LOINC_26474_7" id="26474-7" accessLevel="Public">
         <codeSystem locator="92:39-92:43" name="LOINC"/>
      </def>
      <def locator="93:1-93:43" name="LOINC_30364_4" id="30364-4" accessLevel="Public">
         <codeSystem locator="93:39-93:43" name="LOINC"/>
      </def>
      <def locator="94:1-94:43" name="LOINC_66140_5" id="66140-5" accessLevel="Public">
         <codeSystem locator="94:39-94:43" name="LOINC"/>
      </def>
      <def locator="95:1-95:39" name="LOINC_731_0" id="731-0" accessLevel="Public">
         <codeSystem locator="95:35-95:39" name="LOINC"/>
      </def>
      <def locator="96:1-96:39" name="LOINC_732_8" id="732-8" accessLevel="Public">
         <codeSystem locator="96:35-96:39" name="LOINC"/>
      </def>
      <def locator="97:1-97:43" name="LOINC_74401_1" id="74401-1" accessLevel="Public">
         <codeSystem locator="97:39-97:43" name="LOINC"/>
      </def>
      <def locator="98:1-98:39" name="CPT_88184_0" id="88184.0" accessLevel="Public">
         <codeSystem locator="98:37-98:39" name="CPT"/>
      </def>
      <def locator="99:1-99:43" name="LOINC_26508_2" id="26508-2" accessLevel="Public">
         <codeSystem locator="99:39-99:43" name="LOINC"/>
      </def>
      <def locator="100:1-100:43" name="LOINC_26509_0" id="26509-0" accessLevel="Public">
         <codeSystem locator="100:39-100:43" name="LOINC"/>
      </def>
      <def locator="101:1-101:43" name="LOINC_26510_8" id="26510-8" accessLevel="Public">
         <codeSystem locator="101:39-101:43" name="LOINC"/>
      </def>
      <def locator="102:1-102:43" name="LOINC_33361_7" id="33361-7" accessLevel="Public">
         <codeSystem locator="102:39-102:43" name="LOINC"/>
      </def>
      <def locator="103:1-103:43" name="LOINC_33388_0" id="33388-0" accessLevel="Public">
         <codeSystem locator="103:39-103:43" name="LOINC"/>
      </def>
      <def locator="104:1-104:39" name="CPT_82728_0" id="82728.0" accessLevel="Public">
         <codeSystem locator="104:37-104:39" name="CPT"/>
      </def>
      <def locator="105:1-105:43" name="LOINC_20567_4" id="20567-4" accessLevel="Public">
         <codeSystem locator="105:39-105:43" name="LOINC"/>
      </def>
      <def locator="106:1-106:41" name="LOINC_2276_4" id="2276-4" accessLevel="Public">
         <codeSystem locator="106:37-106:41" name="LOINC"/>
      </def>
      <def locator="107:1-107:43" name="LOINC_48141_6" id="48141-6" accessLevel="Public">
         <codeSystem locator="107:39-107:43" name="LOINC"/>
      </def>
      <def locator="108:1-108:43" name="LOINC_53048_5" id="53048-5" accessLevel="Public">
         <codeSystem locator="108:39-108:43" name="LOINC"/>
      </def>
      <def locator="109:1-109:39" name="CPT_85049_0" id="85049.0" accessLevel="Public">
         <codeSystem locator="109:37-109:39" name="CPT"/>
      </def>
      <def locator="110:1-110:39" name="HCPCS_P9019" id="P9019" accessLevel="Public">
         <codeSystem locator="110:35-110:39" name="HCPCS"/>
      </def>
      <def locator="111:1-111:39" name="HCPCS_P9020" id="P9020" accessLevel="Public">
         <codeSystem locator="111:35-111:39" name="HCPCS"/>
      </def>
      <def locator="112:1-112:43" name="LOINC_13057_5" id="13057-5" accessLevel="Public">
         <codeSystem locator="112:39-112:43" name="LOINC"/>
      </def>
      <def locator="113:1-113:43" name="LOINC_26515_7" id="26515-7" accessLevel="Public">
         <codeSystem locator="113:39-113:43" name="LOINC"/>
      </def>
      <def locator="114:1-114:43" name="LOINC_26516_5" id="26516-5" accessLevel="Public">
         <codeSystem locator="114:39-114:43" name="LOINC"/>
      </def>
      <def locator="115:1-115:43" name="LOINC_47284_5" id="47284-5" accessLevel="Public">
         <codeSystem locator="115:39-115:43" name="LOINC"/>
      </def>
      <def locator="116:1-116:39" name="CPT_84460_0" id="84460.0" accessLevel="Public">
         <codeSystem locator="116:37-116:39" name="CPT"/>
      </def>
      <def locator="117:1-117:43" name="LOINC_16324_6" id="16324-6" accessLevel="Public">
         <codeSystem locator="117:39-117:43" name="LOINC"/>
      </def>
      <def locator="118:1-118:41" name="LOINC_1741_8" id="1741-8" accessLevel="Public">
         <codeSystem locator="118:37-118:41" name="LOINC"/>
      </def>
      <def locator="119:1-119:41" name="LOINC_1742_6" id="1742-6" accessLevel="Public">
         <codeSystem locator="119:37-119:41" name="LOINC"/>
      </def>
      <def locator="120:1-120:41" name="LOINC_1743_4" id="1743-4" accessLevel="Public">
         <codeSystem locator="120:37-120:41" name="LOINC"/>
      </def>
      <def locator="121:1-121:41" name="LOINC_1744_2" id="1744-2" accessLevel="Public">
         <codeSystem locator="121:37-121:41" name="LOINC"/>
      </def>
      <def locator="122:1-122:43" name="LOINC_25302_1" id="25302-1" accessLevel="Public">
         <codeSystem locator="122:39-122:43" name="LOINC"/>
      </def>
      <def locator="123:1-123:43" name="LOINC_44785_4" id="44785-4" accessLevel="Public">
         <codeSystem locator="123:39-123:43" name="LOINC"/>
      </def>
      <def locator="124:1-124:43" name="LOINC_50168_4" id="50168-4" accessLevel="Public">
         <codeSystem locator="124:39-124:43" name="LOINC"/>
      </def>
      <def locator="125:1-125:43" name="LOINC_54491_6" id="54491-6" accessLevel="Public">
         <codeSystem locator="125:39-125:43" name="LOINC"/>
      </def>
      <def locator="126:1-126:43" name="LOINC_54492_4" id="54492-4" accessLevel="Public">
         <codeSystem locator="126:39-126:43" name="LOINC"/>
      </def>
      <def locator="127:1-127:43" name="LOINC_76625_3" id="76625-3" accessLevel="Public">
         <codeSystem locator="127:39-127:43" name="LOINC"/>
      </def>
      <def locator="128:1-128:43" name="LOINC_77144_4" id="77144-4" accessLevel="Public">
         <codeSystem locator="128:39-128:43" name="LOINC"/>
      </def>
      <def locator="129:1-129:39" name="CPT_84450_0" id="84450.0" accessLevel="Public">
         <codeSystem locator="129:37-129:39" name="CPT"/>
      </def>
      <def locator="130:1-130:43" name="LOINC_IMO0002" id="IMO0002" accessLevel="Public">
         <codeSystem locator="130:39-130:43" name="LOINC"/>
      </def>
      <def locator="131:1-131:52" name="ICD_10_CM_Z_20_828" id="Z20.828" accessLevel="Public">
         <codeSystem locator="131:44-131:52" name="ICD_10_CM"/>
      </def>
      <def locator="132:1-132:48" name="ICD_10_CM_U_07_1" id="U07.1" accessLevel="Public">
         <codeSystem locator="132:40-132:48" name="ICD_10_CM"/>
      </def>
      <def locator="133:1-133:48" name="ICD_10_CM_E_10_9" id="E10.9" accessLevel="Public">
         <codeSystem locator="133:40-133:48" name="ICD_10_CM"/>
      </def>
      <def locator="134:1-134:48" name="ICD_10_CM_E_11_9" id="E11.9" accessLevel="Public">
         <codeSystem locator="134:40-134:48" name="ICD_10_CM"/>
      </def>
      <def locator="135:1-135:48" name="ICD_10_CM_I_50_9" id="I50.9" accessLevel="Public">
         <codeSystem locator="135:40-135:48" name="ICD_10_CM"/>
      </def>
      <def locator="136:1-136:43" name="ICD_10_CM_I10" id="I10" accessLevel="Public">
         <codeSystem locator="136:35-136:43" name="ICD_10_CM"/>
      </def>
      <def locator="137:1-137:48" name="ICD_10_CM_J_44_9" id="J44.9" accessLevel="Public">
         <codeSystem locator="137:40-137:48" name="ICD_10_CM"/>
      </def>
      <def locator="138:1-138:50" name="ICD_10_CM_I_25_10" id="I25.10" accessLevel="Public">
         <codeSystem locator="138:42-138:50" name="ICD_10_CM"/>
      </def>
      <def locator="139:1-139:48" name="ICD_10_CM_I_67_9" id="I67.9" accessLevel="Public">
         <codeSystem locator="139:40-139:48" name="ICD_10_CM"/>
      </def>
      <def locator="140:1-140:48" name="ICD_10_CM_E_66_9" id="E66.9" accessLevel="Public">
         <codeSystem locator="140:40-140:48" name="ICD_10_CM"/>
      </def>
      <def locator="141:1-141:43" name="LOINC_39156_5" id="39156-5" accessLevel="Public">
         <codeSystem locator="141:39-141:43" name="LOINC"/>
      </def>
      <def locator="142:1-142:43" name="LOINC_59574_4" id="59574-4" accessLevel="Public">
         <codeSystem locator="142:39-142:43" name="LOINC"/>
      </def>
      <def locator="143:1-143:43" name="LOINC_59575_1" id="59575-1" accessLevel="Public">
         <codeSystem locator="143:39-143:43" name="LOINC"/>
      </def>
      <def locator="144:1-144:43" name="LOINC_59576_9" id="59576-9" accessLevel="Public">
         <codeSystem locator="144:39-144:43" name="LOINC"/>
      </def>
      <def locator="145:1-145:43" name="LOINC_89270_3" id="89270-3" accessLevel="Public">
         <codeSystem locator="145:39-145:43" name="LOINC"/>
      </def>
      <def locator="146:1-146:48" name="ICD_10_CM_N_28_9" id="N28.9" accessLevel="Public">
         <codeSystem locator="146:40-146:48" name="ICD_10_CM"/>
      </def>
      <def locator="147:1-147:48" name="ICD_10_CM_Z_59_3" id="Z59.3" accessLevel="Public">
         <codeSystem locator="147:40-147:48" name="ICD_10_CM"/>
      </def>
      <def locator="148:1-148:48" name="ICD_10_CM_C_80_1" id="C80.1" accessLevel="Public">
         <codeSystem locator="148:40-148:48" name="ICD_10_CM"/>
      </def>
      <def locator="149:1-149:48" name="ICD_10_CM_J_18_9" id="J18.9" accessLevel="Public">
         <codeSystem locator="149:40-149:48" name="ICD_10_CM"/>
      </def>
      <def locator="150:1-150:48" name="ICD_10_CM_I_51_7" id="I51.7" accessLevel="Public">
         <codeSystem locator="150:40-150:48" name="ICD_10_CM"/>
      </def>
   </codes>
   <concepts>
      <def locator="153:1-153:34" name="GCS" accessLevel="Public">
         <code locator="153:19-153:32" name="LOINC_9269_2"/>
      </def>
      <def locator="156:1-156:45" name="Hemoptysis" accessLevel="Public">
         <code locator="156:26-156:43" name="ICD_10_CM_R_04_2"/>
      </def>
      <def locator="158:1-158:66" name="O2 Saturation (Ambulatory)" accessLevel="Public">
         <code locator="158:42-158:52" name="CPT_94760"/>
         <code locator="158:54-158:64" name="CPT_94761"/>
      </def>
      <def locator="159:1-159:47" name="Respiratory Rate" accessLevel="Public">
         <code locator="159:32-159:45" name="LOINC_9279_1"/>
      </def>
      <def locator="160:1-160:44" name="Heart Rate" accessLevel="Public">
         <code locator="160:26-160:42" name="LOINC_2544737_0"/>
      </def>
      <def locator="161:1-161:42" name="Systolic BP" accessLevel="Public">
         <code locator="161:27-161:40" name="LOINC_8480_6"/>
      </def>
      <def locator="162:1-162:43" name="Diastolic BP" accessLevel="Public">
         <code locator="162:28-162:41" name="LOINC_8462_4"/>
      </def>
      <def locator="163:1-163:66" name="FiO2" accessLevel="Public">
         <code locator="163:20-163:33" name="LOINC_3150_0"/>
         <code locator="163:35-163:48" name="LOINC_3151_8"/>
         <code locator="163:50-163:64" name="LOINC_71835_3"/>
      </def>
      <def locator="164:1-164:66" name="Respiratory Support- Supplemental O2" accessLevel="Public">
         <code locator="164:52-164:64" name="HCPCS_A4615"/>
      </def>
      <def locator="165:1-165:73" name="Respiratory Support- High Flow Nasal Canula" accessLevel="Public">
         <code locator="165:59-165:71" name="HCPCS_A4615"/>
      </def>
      <def locator="166:1-166:231" name="Respiratory Support- Non Invasive Positive Pressure Ventilation" accessLevel="Public">
         <code locator="166:79-166:91" name="CPT_94660_0"/>
         <code locator="166:93-166:114" name="ICD_10_PCS_5_A_09357"/>
         <code locator="166:116-166:137" name="ICD_10_PCS_5_A_09358"/>
         <code locator="166:139-166:160" name="ICD_10_PCS_5_A_09457"/>
         <code locator="166:162-166:183" name="ICD_10_PCS_5_A_09458"/>
         <code locator="166:185-166:206" name="ICD_10_PCS_5_A_09557"/>
         <code locator="166:208-166:229" name="ICD_10_PCS_5_A_09558"/>
      </def>
      <def locator="168:1-168:57" name="Dobutamine" accessLevel="Public">
         <code locator="168:26-168:38" name="HCPCS_J1250"/>
         <code locator="168:40-168:55" name="RX_NORM_3616_0"/>
      </def>
      <def locator="169:1-169:58" name="Epinephrine" accessLevel="Public">
         <code locator="169:27-169:39" name="HCPCS_J0171"/>
         <code locator="169:41-169:56" name="RX_NORM_3992_0"/>
      </def>
      <def locator="170:1-170:47" name="Norepinephrine" accessLevel="Public">
         <code locator="170:30-170:45" name="RX_NORM_7512_0"/>
      </def>
      <def locator="171:1-171:45" name="Vasopressin" accessLevel="Public">
         <code locator="171:27-171:43" name="RX_NORM_11149_0"/>
      </def>
      <def locator="172:1-172:55" name="Dopamine" accessLevel="Public">
         <code locator="172:24-172:36" name="HCPCS_J1265"/>
         <code locator="172:38-172:53" name="RX_NORM_3628_0"/>
      </def>
      <def locator="173:1-173:45" name="SARS-CoV-2 test" accessLevel="Public">
         <code locator="173:31-173:43" name="HCPCS_U0002"/>
      </def>
      <def locator="174:1-174:104" name="Troponin I" accessLevel="Public">
         <code locator="174:26-174:38" name="CPT_84484_0"/>
         <code locator="174:40-174:54" name="LOINC_10839_9"/>
         <code locator="174:56-174:70" name="LOINC_42757_5"/>
         <code locator="174:72-174:86" name="LOINC_49563_0"/>
         <code locator="174:88-174:102" name="LOINC_76399_5"/>
      </def>
      <def locator="175:1-175:148" name="D-dimer" accessLevel="Public">
         <code locator="175:23-175:35" name="CPT_85379_0"/>
         <code locator="175:37-175:51" name="LOINC_29280_5"/>
         <code locator="175:53-175:67" name="LOINC_29280_5"/>
         <code locator="175:69-175:83" name="LOINC_38898_3"/>
         <code locator="175:85-175:99" name="LOINC_48065_7"/>
         <code locator="175:101-175:115" name="LOINC_48066_5"/>
         <code locator="175:117-175:130" name="LOINC_7799_0"/>
         <code locator="175:132-175:146" name="LOINC_91556_1"/>
      </def>
      <def locator="176:1-176:274" name="Lactate" accessLevel="Public">
         <code locator="176:23-176:35" name="CPT_83605_0"/>
         <code locator="176:37-176:51" name="LOINC_14118_4"/>
         <code locator="176:53-176:67" name="LOINC_19239_3"/>
         <code locator="176:69-176:82" name="LOINC_2518_9"/>
         <code locator="176:84-176:97" name="LOINC_2519_7"/>
         <code locator="176:99-176:112" name="LOINC_2524_7"/>
         <code locator="176:114-176:128" name="LOINC_30241_4"/>
         <code locator="176:130-176:144" name="LOINC_30242_2"/>
         <code locator="176:146-176:160" name="LOINC_32132_3"/>
         <code locator="176:162-176:176" name="LOINC_32133_1"/>
         <code locator="176:178-176:192" name="LOINC_32693_4"/>
         <code locator="176:194-176:208" name="LOINC_51829_0"/>
         <code locator="176:210-176:224" name="LOINC_55932_8"/>
         <code locator="176:226-176:240" name="LOINC_59032_3"/>
         <code locator="176:242-176:256" name="LOINC_75366_5"/>
         <code locator="176:258-176:272" name="LOINC_19240_1"/>
      </def>
      <def locator="177:1-177:83" name="Lactate Dehydrogenase" accessLevel="Public">
         <code locator="177:37-177:49" name="CPT_83615_0"/>
         <code locator="177:51-177:65" name="LOINC_14804_9"/>
         <code locator="177:67-177:81" name="LOINC_14805_6"/>
      </def>
      <def locator="178:1-178:287" name="C-Reactive Peptide" accessLevel="Public">
         <code locator="178:34-178:46" name="CPT_86140_0"/>
         <code locator="178:48-178:62" name="LOINC_11039_5"/>
         <code locator="178:64-178:78" name="LOINC_14634_0"/>
         <code locator="178:80-178:94" name="LOINC_16503_5"/>
         <code locator="178:96-178:109" name="LOINC_1988_5"/>
         <code locator="178:111-178:125" name="LOINC_30522_7"/>
         <code locator="178:127-178:141" name="LOINC_35648_5"/>
         <code locator="178:143-178:157" name="LOINC_45062_7"/>
         <code locator="178:159-178:173" name="LOINC_48421_2"/>
         <code locator="178:175-178:189" name="LOINC_59182_6"/>
         <code locator="178:191-178:205" name="LOINC_71426_1"/>
         <code locator="178:207-178:221" name="LOINC_76485_2"/>
         <code locator="178:223-178:237" name="LOINC_76486_0"/>
         <code locator="178:239-178:253" name="LOINC_45062_7"/>
         <code locator="178:255-178:269" name="LOINC_35648_5"/>
         <code locator="178:271-178:285" name="LOINC_48421_2"/>
      </def>
      <def locator="179:1-179:59" name="Neutrophils (#)" accessLevel="Public">
         <code locator="179:31-179:43" name="CPT_85025_0"/>
         <code locator="179:45-179:57" name="LOINC_751_8"/>
      </def>
      <def locator="180:1-180:147" name="Lymphocytes (#)" accessLevel="Public">
         <code locator="180:31-180:41" name="CPT_85004"/>
         <code locator="180:43-180:53" name="CPT_85048"/>
         <code locator="180:55-180:69" name="LOINC_26474_7"/>
         <code locator="180:71-180:85" name="LOINC_30364_4"/>
         <code locator="180:87-180:101" name="LOINC_66140_5"/>
         <code locator="180:103-180:115" name="LOINC_731_0"/>
         <code locator="180:117-180:129" name="LOINC_732_8"/>
         <code locator="180:131-180:145" name="LOINC_74401_1"/>
      </def>
      <def locator="181:1-181:124" name="Lymphocyte (%)" accessLevel="Public">
         <code locator="181:30-181:42" name="CPT_88184_0"/>
         <code locator="181:44-181:58" name="LOINC_26508_2"/>
         <code locator="181:60-181:74" name="LOINC_26509_0"/>
         <code locator="181:76-181:90" name="LOINC_26510_8"/>
         <code locator="181:92-181:106" name="LOINC_33361_7"/>
         <code locator="181:108-181:122" name="LOINC_33388_0"/>
      </def>
      <def locator="182:1-182:101" name="Ferritin" accessLevel="Public">
         <code locator="182:24-182:36" name="CPT_82728_0"/>
         <code locator="182:38-182:52" name="LOINC_20567_4"/>
         <code locator="182:54-182:67" name="LOINC_2276_4"/>
         <code locator="182:69-182:83" name="LOINC_48141_6"/>
         <code locator="182:85-182:99" name="LOINC_53048_5"/>
      </def>
      <def locator="183:1-183:131" name="Platelets" accessLevel="Public">
         <code locator="183:25-183:37" name="CPT_85049_0"/>
         <code locator="183:39-183:51" name="HCPCS_P9019"/>
         <code locator="183:53-183:65" name="HCPCS_P9020"/>
         <code locator="183:67-183:81" name="LOINC_13057_5"/>
         <code locator="183:83-183:97" name="LOINC_26515_7"/>
         <code locator="183:99-183:113" name="LOINC_26516_5"/>
         <code locator="183:115-183:129" name="LOINC_47284_5"/>
      </def>
      <def locator="184:1-184:221" name="ALT" accessLevel="Public">
         <code locator="184:19-184:31" name="CPT_84460_0"/>
         <code locator="184:33-184:47" name="LOINC_16324_6"/>
         <code locator="184:49-184:62" name="LOINC_1741_8"/>
         <code locator="184:64-184:77" name="LOINC_1742_6"/>
         <code locator="184:79-184:92" name="LOINC_1743_4"/>
         <code locator="184:94-184:107" name="LOINC_1744_2"/>
         <code locator="184:109-184:123" name="LOINC_25302_1"/>
         <code locator="184:125-184:139" name="LOINC_44785_4"/>
         <code locator="184:141-184:155" name="LOINC_50168_4"/>
         <code locator="184:157-184:171" name="LOINC_54491_6"/>
         <code locator="184:173-184:187" name="LOINC_54492_4"/>
         <code locator="184:189-184:203" name="LOINC_76625_3"/>
         <code locator="184:205-184:219" name="LOINC_77144_4"/>
      </def>
      <def locator="185:1-185:49" name="AST" accessLevel="Public">
         <code locator="185:19-185:31" name="CPT_84450_0"/>
         <code locator="185:33-185:47" name="LOINC_IMO0002"/>
      </def>
      <def locator="186:1-186:67" name="COVID-19 diagnosis (suspected)" accessLevel="Public">
         <code locator="186:46-186:65" name="ICD_10_CM_Z_20_828"/>
      </def>
      <def locator="187:1-187:65" name="COVID-19 diagnosis (confirmed)" accessLevel="Public">
         <code locator="187:46-187:63" name="ICD_10_CM_U_07_1"/>
      </def>
      <def locator="188:1-188:59" name="Diabetes Mellitus Type 1" accessLevel="Public">
         <code locator="188:40-188:57" name="ICD_10_CM_E_10_9"/>
      </def>
      <def locator="189:1-189:59" name="Diabetes Mellitus Type 2" accessLevel="Public">
         <code locator="189:40-189:57" name="ICD_10_CM_E_11_9"/>
      </def>
      <def locator="190:1-190:48" name="Heart Failure" accessLevel="Public">
         <code locator="190:29-190:46" name="ICD_10_CM_I_50_9"/>
      </def>
      <def locator="191:1-191:44" name="Hypertension" accessLevel="Public">
         <code locator="191:28-191:42" name="ICD_10_CM_I10"/>
      </def>
      <def locator="192:1-192:79" name="Chronic Obstructive Pulmonary Disease (COPD)" accessLevel="Public">
         <code locator="192:60-192:77" name="ICD_10_CM_J_44_9"/>
      </def>
      <def locator="193:1-193:58" name="Cardiovascular Disease" accessLevel="Public">
         <code locator="193:38-193:56" name="ICD_10_CM_I_25_10"/>
      </def>
      <def locator="194:1-194:58" name="Cerebrovascular disease" accessLevel="Public">
         <code locator="194:39-194:56" name="ICD_10_CM_I_67_9"/>
      </def>
      <def locator="195:1-195:42" name="Obesity" accessLevel="Public">
         <code locator="195:23-195:40" name="ICD_10_CM_E_66_9"/>
      </def>
      <def locator="197:1-197:99" name="BMI" accessLevel="Public">
         <code locator="197:19-197:33" name="LOINC_39156_5"/>
         <code locator="197:35-197:49" name="LOINC_59574_4"/>
         <code locator="197:51-197:65" name="LOINC_59575_1"/>
         <code locator="197:67-197:81" name="LOINC_59576_9"/>
         <code locator="197:83-197:97" name="LOINC_89270_3"/>
      </def>
      <def locator="198:1-198:48" name="Renal Disease" accessLevel="Public">
         <code locator="198:29-198:46" name="ICD_10_CM_N_28_9"/>
      </def>
      <def locator="199:1-199:67" name="Long Term Care Facility Resident" accessLevel="Public">
         <code locator="199:48-199:65" name="ICD_10_CM_Z_59_3"/>
      </def>
      <def locator="200:1-200:45" name="Malignancy" accessLevel="Public">
         <code locator="200:26-200:43" name="ICD_10_CM_C_80_1"/>
      </def>
      <def locator="202:1-202:54" name="Bilateral Pneumonia" accessLevel="Public">
         <code locator="202:35-202:52" name="ICD_10_CM_J_18_9"/>
      </def>
      <def locator="203:1-203:48" name="RV dilatation" accessLevel="Public">
         <code locator="203:29-203:46" name="ICD_10_CM_I_51_7"/>
      </def>
      <def locator="204:1-204:49" name="RV enlargement" accessLevel="Public">
         <code locator="204:30-204:47" name="ICD_10_CM_I_51_7"/>
      </def>
   </concepts>
</library>
